Response_ID,file_name,Age,Gender,Nationality,Native Language,Familiarity with English,Accent Strength (Self reported),Difficulties,Recording Machine,Name,Number,Address,Duration (secs)
R_1KvCEEGNThnpnzy,audio_data/Names/R_1KvCEEGNThnpnzy.wav,24,Female,Indian,Marathi,"Educated in English, but not my native language",5,About half the time,Phone Recorder,Saffron Robles,8885112931,48 Ridge Road 407,278
R_1KvCEEGNThnpnzy,audio_data/Addresses/R_1KvCEEGNThnpnzy.wav,24,Female,Indian,Marathi,"Educated in English, but not my native language",5,About half the time,Phone Recorder,Saffron Robles,8885112931,48 Ridge Road 407,278
R_1KvCEEGNThnpnzy,audio_data/Numbers/R_1KvCEEGNThnpnzy.wav,24,Female,Indian,Marathi,"Educated in English, but not my native language",5,About half the time,Phone Recorder,Saffron Robles,8885112931,48 Ridge Road 407,278
R_3nAeHdtYMOFbRQJ,audio_data/Names/R_3nAeHdtYMOFbRQJ.wav,21,Female,Indian,Hindi,"Educated in English, but not my native language",3,Sometimes,Phone Recorder,Anannya,9196856019,"7204, McQueen Drive",542
R_3nAeHdtYMOFbRQJ,audio_data/Addresses/R_3nAeHdtYMOFbRQJ.wav,21,Female,Indian,Hindi,"Educated in English, but not my native language",3,Sometimes,Phone Recorder,Anannya,9196856019,"7204, McQueen Drive",542
R_3nAeHdtYMOFbRQJ,audio_data/Numbers/R_3nAeHdtYMOFbRQJ.wav,21,Female,Indian,Hindi,"Educated in English, but not my native language",3,Sometimes,Phone Recorder,Anannya,9196856019,"7204, McQueen Drive",542
R_1DN3Yy2ILEefmz8,audio_data/Names/R_1DN3Yy2ILEefmz8.wav,24,Female,Indian,Hindi,"Educated in English, but not my native language",4,Sometimes,Phone Recorder,Seraphina Balasubramanian,43126798,99 Willow Lane 493,292
R_1DN3Yy2ILEefmz8,audio_data/Addresses/R_1DN3Yy2ILEefmz8.wav,24,Female,Indian,Hindi,"Educated in English, but not my native language",4,Sometimes,Phone Recorder,Seraphina Balasubramanian,43126798,99 Willow Lane 493,292
R_1DN3Yy2ILEefmz8,audio_data/Numbers/R_1DN3Yy2ILEefmz8.wav,24,Female,Indian,Hindi,"Educated in English, but not my native language",4,Sometimes,Phone Recorder,Seraphina Balasubramanian,43126798,99 Willow Lane 493,292
R_1O7z12FZh2bL6ST,audio_data/Names/R_1O7z12FZh2bL6ST.wav,22,Male,American,English,Native speaker,0,Sometimes,Phone Recorder,Zane Robles,5993415111,34 Elm Street 568,509
R_1O7z12FZh2bL6ST,audio_data/Addresses/R_1O7z12FZh2bL6ST.wav,22,Male,American,English,Native speaker,0,Sometimes,Phone Recorder,Zane Robles,5993415111,34 Elm Street 568,509
R_1O7z12FZh2bL6ST,audio_data/Numbers/R_1O7z12FZh2bL6ST.wav,22,Male,American,English,Native speaker,0,Sometimes,Phone Recorder,Zane Robles,5993415111,34 Elm Street 568,509
R_7qeKPomI8VjGOsK,audio_data/Names/R_7qeKPomI8VjGOsK.wav,29,Male,American,English,Native speaker,2,Sometimes,External Microphone,Zuri Sutherland,2563144191,56 Pine Tree Lane 640,590
R_7qeKPomI8VjGOsK,audio_data/Addresses/R_7qeKPomI8VjGOsK.wav,29,Male,American,English,Native speaker,2,Sometimes,External Microphone,Zuri Sutherland,2563144191,56 Pine Tree Lane 640,590
R_7qeKPomI8VjGOsK,audio_data/Numbers/R_7qeKPomI8VjGOsK.wav,29,Male,American,English,Native speaker,2,Sometimes,External Microphone,Zuri Sutherland,2563144191,56 Pine Tree Lane 640,590
R_34i05S8YXzyAyGE,audio_data/Names/R_34i05S8YXzyAyGE.wav,26,Female,Argentinian,Spanish,"Educated in English, but not my native language",5,Sometimes,Phone Recorder,Isla Santos,6537986847,55 Stonewall Street 335,852
R_34i05S8YXzyAyGE,audio_data/Addresses/R_34i05S8YXzyAyGE.wav,26,Female,Argentinian,Spanish,"Educated in English, but not my native language",5,Sometimes,Phone Recorder,Isla Santos,6537986847,55 Stonewall Street 335,852
R_34i05S8YXzyAyGE,audio_data/Numbers/R_34i05S8YXzyAyGE.wav,26,Female,Argentinian,Spanish,"Educated in English, but not my native language",5,Sometimes,Phone Recorder,Isla Santos,6537986847,55 Stonewall Street 335,852
R_3f5pnhlvLlxkfu1,audio_data/Names/R_3f5pnhlvLlxkfu1.wav,28,Male,Argentinian,Spanish,Basic knowledge; not fluent,7,Most of the time,Phone Recorder,Elysia Lobo,2615640089,14 Silver Street 964,529
R_3f5pnhlvLlxkfu1,audio_data/Addresses/R_3f5pnhlvLlxkfu1.wav,28,Male,Argentinian,Spanish,Basic knowledge; not fluent,7,Most of the time,Phone Recorder,Elysia Lobo,2615640089,14 Silver Street 964,529
R_3f5pnhlvLlxkfu1,audio_data/Numbers/R_3f5pnhlvLlxkfu1.wav,28,Male,Argentinian,Spanish,Basic knowledge; not fluent,7,Most of the time,Phone Recorder,Elysia Lobo,2615640089,14 Silver Street 964,529
R_7OVSal7s7tNbjLO,audio_data/Names/R_7OVSal7s7tNbjLO.wav,24,Male,Indian,Hindi,"Educated in English, but not my native language",5,About half the time,Laptop,Asher Singh,8717379417,161 Fairview Street 407,276
R_7OVSal7s7tNbjLO,audio_data/Addresses/R_7OVSal7s7tNbjLO.wav,24,Male,Indian,Hindi,"Educated in English, but not my native language",5,About half the time,Laptop,Asher Singh,8717379417,161 Fairview Street 407,276
R_7OVSal7s7tNbjLO,audio_data/Numbers/R_7OVSal7s7tNbjLO.wav,24,Male,Indian,Hindi,"Educated in English, but not my native language",5,About half the time,Laptop,Asher Singh,8717379417,161 Fairview Street 407,276
R_34Kh357EGklz2X7,audio_data/Names/R_34Kh357EGklz2X7.wav,27,Male,Indian,Hindi,"Educated in English, but not my native language",4,Sometimes,Laptop,Sable Daniel,2488140980,58 Maple Valley Road 812,372
R_34Kh357EGklz2X7,audio_data/Addresses/R_34Kh357EGklz2X7.wav,27,Male,Indian,Hindi,"Educated in English, but not my native language",4,Sometimes,Laptop,Sable Daniel,2488140980,58 Maple Valley Road 812,372
R_34Kh357EGklz2X7,audio_data/Numbers/R_34Kh357EGklz2X7.wav,27,Male,Indian,Hindi,"Educated in English, but not my native language",4,Sometimes,Laptop,Sable Daniel,2488140980,58 Maple Valley Road 812,372
R_51hzd8Q0PcCS4Jb,audio_data/Names/R_51hzd8Q0PcCS4Jb.wav,22,Male,Indian,Hindi,"Educated in English, but not my native language",4,Sometimes,Phone Recorder,Harlow Qureshi,8829090933,290 Seaside Boulevard 275,394
R_51hzd8Q0PcCS4Jb,audio_data/Addresses/R_51hzd8Q0PcCS4Jb.wav,22,Male,Indian,Hindi,"Educated in English, but not my native language",4,Sometimes,Phone Recorder,Harlow Qureshi,8829090933,290 Seaside Boulevard 275,394
R_51hzd8Q0PcCS4Jb,audio_data/Numbers/R_51hzd8Q0PcCS4Jb.wav,22,Male,Indian,Hindi,"Educated in English, but not my native language",4,Sometimes,Phone Recorder,Harlow Qureshi,8829090933,290 Seaside Boulevard 275,394
R_5lWkQMcCDfrgWwV,audio_data/Names/R_5lWkQMcCDfrgWwV.wav,25,Male,Indian,Hindi,"Educated in English, but not my native language",8,Sometimes,Phone Recorder,Liam Patel,9783812441,52 Golden Ridge Drive 418,244
R_5lWkQMcCDfrgWwV,audio_data/Addresses/R_5lWkQMcCDfrgWwV.wav,25,Male,Indian,Hindi,"Educated in English, but not my native language",8,Sometimes,Phone Recorder,Liam Patel,9783812441,52 Golden Ridge Drive 418,244
R_5lWkQMcCDfrgWwV,audio_data/Numbers/R_5lWkQMcCDfrgWwV.wav,25,Male,Indian,Hindi,"Educated in English, but not my native language",8,Sometimes,Phone Recorder,Liam Patel,9783812441,52 Golden Ridge Drive 418,244
R_4JsyJD7ticKbRiZ,audio_data/Names/R_4JsyJD7ticKbRiZ.wav,29,Female,Indian,Hindi,Basic knowledge; not fluent,8,Sometimes,Phone Recorder,Darshana ,123456789,FLAT NO 204 SATSANG SOCIETY THANE MUMBAI 411007,499
R_4JsyJD7ticKbRiZ,audio_data/Addresses/R_4JsyJD7ticKbRiZ.wav,29,Female,Indian,Hindi,Basic knowledge; not fluent,8,Sometimes,Phone Recorder,Darshana ,123456789,FLAT NO 204 SATSANG SOCIETY THANE MUMBAI 411007,499
R_4JsyJD7ticKbRiZ,audio_data/Numbers/R_4JsyJD7ticKbRiZ.wav,29,Female,Indian,Hindi,Basic knowledge; not fluent,8,Sometimes,Phone Recorder,Darshana ,123456789,FLAT NO 204 SATSANG SOCIETY THANE MUMBAI 411007,499
R_4s7PwXExwuw1cZa,audio_data/Names/R_4s7PwXExwuw1cZa.wav,32,Male,Indian,Hindi,"Educated in English, but not my native language",8,Sometimes,Phone Recorder,Arjun,987654321,Plot No 43 Pasaydan Profeesor colony Jagaon 424005,251
R_4s7PwXExwuw1cZa,audio_data/Addresses/R_4s7PwXExwuw1cZa.wav,32,Male,Indian,Hindi,"Educated in English, but not my native language",8,Sometimes,Phone Recorder,Arjun,987654321,Plot No 43 Pasaydan Profeesor colony Jagaon 424005,251
R_4s7PwXExwuw1cZa,audio_data/Numbers/R_4s7PwXExwuw1cZa.wav,32,Male,Indian,Hindi,"Educated in English, but not my native language",8,Sometimes,Phone Recorder,Arjun,987654321,Plot No 43 Pasaydan Profeesor colony Jagaon 424005,251
R_49dhghc8TaDIOhr,audio_data/Names/R_49dhghc8TaDIOhr.wav,20,Female,Indian,Hindi,"Educated in English, but not my native language",8,Sometimes,Phone Recorder,Arya Stark ,1253579821,37 Casterly Rock Lannis Port ,480
R_49dhghc8TaDIOhr,audio_data/Addresses/R_49dhghc8TaDIOhr.wav,20,Female,Indian,Hindi,"Educated in English, but not my native language",8,Sometimes,Phone Recorder,Arya Stark ,1253579821,37 Casterly Rock Lannis Port ,480
R_49dhghc8TaDIOhr,audio_data/Numbers/R_49dhghc8TaDIOhr.wav,20,Female,Indian,Hindi,"Educated in English, but not my native language",8,Sometimes,Phone Recorder,Arya Stark ,1253579821,37 Casterly Rock Lannis Port ,480
R_41aAifnTBI6jslp,audio_data/Names/R_41aAifnTBI6jslp.wav,20,Female,Indian,Hindi,"Educated in English, but not my native language",9,Sometimes,Phone Recorder,Jorah Morment,5286564231,92 Dragos Khalasar Dothrakhi ,401
R_41aAifnTBI6jslp,audio_data/Addresses/R_41aAifnTBI6jslp.wav,20,Female,Indian,Hindi,"Educated in English, but not my native language",9,Sometimes,Phone Recorder,Jorah Morment,5286564231,92 Dragos Khalasar Dothrakhi ,401
R_41aAifnTBI6jslp,audio_data/Numbers/R_41aAifnTBI6jslp.wav,20,Female,Indian,Hindi,"Educated in English, but not my native language",9,Sometimes,Phone Recorder,Jorah Morment,5286564231,92 Dragos Khalasar Dothrakhi ,401
R_4Cbjs7mWxj4Ri7v,audio_data/Names/R_4Cbjs7mWxj4Ri7v.wav,20,Female,Indian,Hindi,"Educated in English, but not my native language",7,Most of the time,Phone Recorder,Aditi Rampiya,7998735821,"Lane Number 4, Swimming Pool",258
R_4Cbjs7mWxj4Ri7v,audio_data/Addresses/R_4Cbjs7mWxj4Ri7v.wav,20,Female,Indian,Hindi,"Educated in English, but not my native language",7,Most of the time,Phone Recorder,Aditi Rampiya,7998735821,"Lane Number 4, Swimming Pool",258
R_4Cbjs7mWxj4Ri7v,audio_data/Numbers/R_4Cbjs7mWxj4Ri7v.wav,20,Female,Indian,Hindi,"Educated in English, but not my native language",7,Most of the time,Phone Recorder,Aditi Rampiya,7998735821,"Lane Number 4, Swimming Pool",258
R_4kJncQejh6M9Qxb,audio_data/Names/R_4kJncQejh6M9Qxb.wav,20,Female,Indian,Hindi,"Educated in English, but not my native language",8,Sometimes,Phone Recorder,Battli Aroda,2512254291,"69 Cubicle, Bathroom Street, UK",194
R_4kJncQejh6M9Qxb,audio_data/Addresses/R_4kJncQejh6M9Qxb.wav,20,Female,Indian,Hindi,"Educated in English, but not my native language",8,Sometimes,Phone Recorder,Battli Aroda,2512254291,"69 Cubicle, Bathroom Street, UK",194
R_4kJncQejh6M9Qxb,audio_data/Numbers/R_4kJncQejh6M9Qxb.wav,20,Female,Indian,Hindi,"Educated in English, but not my native language",8,Sometimes,Phone Recorder,Battli Aroda,2512254291,"69 Cubicle, Bathroom Street, UK",194
R_4GQeQB9GOpNtRaW,audio_data/Names/R_4GQeQB9GOpNtRaW.wav,20,Female,Indian ,Hindi,"Educated in English, but not my native language",7,Sometimes,Phone Recorder,Taklu Analogs,7413825402,"741 Opamps Circuit Lane, Barkha Avenue, Tiwari",255
R_4GQeQB9GOpNtRaW,audio_data/Addresses/R_4GQeQB9GOpNtRaW.wav,20,Female,Indian ,Hindi,"Educated in English, but not my native language",7,Sometimes,Phone Recorder,Taklu Analogs,7413825402,"741 Opamps Circuit Lane, Barkha Avenue, Tiwari",255
R_4GQeQB9GOpNtRaW,audio_data/Numbers/R_4GQeQB9GOpNtRaW.wav,20,Female,Indian ,Hindi,"Educated in English, but not my native language",7,Sometimes,Phone Recorder,Taklu Analogs,7413825402,"741 Opamps Circuit Lane, Barkha Avenue, Tiwari",255
R_4TIdkLil27HhMH3,audio_data/Names/R_4TIdkLil27HhMH3.wav,22,Female,Indian ,Hindi,Basic knowledge; not fluent,8,Sometimes,Phone Recorder,Shubhangi katkar,9530589346,Flat no 303 E L Homes Baner pune 411007,304
R_4TIdkLil27HhMH3,audio_data/Addresses/R_4TIdkLil27HhMH3.wav,22,Female,Indian ,Hindi,Basic knowledge; not fluent,8,Sometimes,Phone Recorder,Shubhangi katkar,9530589346,Flat no 303 E L Homes Baner pune 411007,304
R_4TIdkLil27HhMH3,audio_data/Numbers/R_4TIdkLil27HhMH3.wav,22,Female,Indian ,Hindi,Basic knowledge; not fluent,8,Sometimes,Phone Recorder,Shubhangi katkar,9530589346,Flat no 303 E L Homes Baner pune 411007,304
R_4zatSIgrUgsETE5,audio_data/Names/R_4zatSIgrUgsETE5.wav,23,Female,Indian ,Marathi,Basic knowledge; not fluent,8,Sometimes,Phone Recorder,Suman patidar,9370524963,Swami sandipani coloney solapur,310
R_4zatSIgrUgsETE5,audio_data/Addresses/R_4zatSIgrUgsETE5.wav,23,Female,Indian ,Marathi,Basic knowledge; not fluent,8,Sometimes,Phone Recorder,Suman patidar,9370524963,Swami sandipani coloney solapur,310
R_4zatSIgrUgsETE5,audio_data/Numbers/R_4zatSIgrUgsETE5.wav,23,Female,Indian ,Marathi,Basic knowledge; not fluent,8,Sometimes,Phone Recorder,Suman patidar,9370524963,Swami sandipani coloney solapur,310
R_4M4K1OEOS6Dy9xr,audio_data/Names/R_4M4K1OEOS6Dy9xr.wav,35,Male,Indian,Marathi,"Educated in English, but not my native language",7,Sometimes,Phone Recorder,Ganesh Kathale,813546798,FLAT NO 701 RAGADARI APARTMENT NASHIK 423440,271
R_4M4K1OEOS6Dy9xr,audio_data/Addresses/R_4M4K1OEOS6Dy9xr.wav,35,Male,Indian,Marathi,"Educated in English, but not my native language",7,Sometimes,Phone Recorder,Ganesh Kathale,813546798,FLAT NO 701 RAGADARI APARTMENT NASHIK 423440,271
R_4M4K1OEOS6Dy9xr,audio_data/Numbers/R_4M4K1OEOS6Dy9xr.wav,35,Male,Indian,Marathi,"Educated in English, but not my native language",7,Sometimes,Phone Recorder,Ganesh Kathale,813546798,FLAT NO 701 RAGADARI APARTMENT NASHIK 423440,271
R_4gezxpDDRaPXKIs,audio_data/Names/R_4gezxpDDRaPXKIs.wav,30,Male,Indian,Gujrati,"Educated in English, but not my native language",9,Sometimes,Laptop,Prashant Gandhe,123459876,PLOT NO 30 PRATIK COLONY SURAT 356003,663
R_4gezxpDDRaPXKIs,audio_data/Addresses/R_4gezxpDDRaPXKIs.wav,30,Male,Indian,Gujrati,"Educated in English, but not my native language",9,Sometimes,Laptop,Prashant Gandhe,123459876,PLOT NO 30 PRATIK COLONY SURAT 356003,663
R_4gezxpDDRaPXKIs,audio_data/Numbers/R_4gezxpDDRaPXKIs.wav,30,Male,Indian,Gujrati,"Educated in English, but not my native language",9,Sometimes,Laptop,Prashant Gandhe,123459876,PLOT NO 30 PRATIK COLONY SURAT 356003,663
R_4QJpbtn4T8z4ixS,audio_data/Names/R_4QJpbtn4T8z4ixS.wav,25,Male,Indian,Marathi,"Educated in English, but not my native language",8,Sometimes,Laptop,Jitu Shinde,7773330000,FLAT NO 1100 SATSANG COLONY SHAHADA 450089,149
R_4QJpbtn4T8z4ixS,audio_data/Addresses/R_4QJpbtn4T8z4ixS.wav,25,Male,Indian,Marathi,"Educated in English, but not my native language",8,Sometimes,Laptop,Jitu Shinde,7773330000,FLAT NO 1100 SATSANG COLONY SHAHADA 450089,149
R_4QJpbtn4T8z4ixS,audio_data/Numbers/R_4QJpbtn4T8z4ixS.wav,25,Male,Indian,Marathi,"Educated in English, but not my native language",8,Sometimes,Laptop,Jitu Shinde,7773330000,FLAT NO 1100 SATSANG COLONY SHAHADA 450089,149
R_4ezaMzei6ssNagt,audio_data/Names/R_4ezaMzei6ssNagt.wav,23,Male,Indian,Marathi,"Educated in English, but not my native language",8,Sometimes,Phone Recorder,Vikas Raj,6578902300,FLAT NO 4 RAMBAG SOCIETY BARUCH 390345,201
R_4ezaMzei6ssNagt,audio_data/Addresses/R_4ezaMzei6ssNagt.wav,23,Male,Indian,Marathi,"Educated in English, but not my native language",8,Sometimes,Phone Recorder,Vikas Raj,6578902300,FLAT NO 4 RAMBAG SOCIETY BARUCH 390345,201
R_4ezaMzei6ssNagt,audio_data/Numbers/R_4ezaMzei6ssNagt.wav,23,Male,Indian,Marathi,"Educated in English, but not my native language",8,Sometimes,Phone Recorder,Vikas Raj,6578902300,FLAT NO 4 RAMBAG SOCIETY BARUCH 390345,201
R_4ssmicMjtQagK7v,audio_data/Names/R_4ssmicMjtQagK7v.wav,39,Male,Indian,Marathi,"Educated in English, but not my native language",7,Sometimes,Phone Recorder,Mayur Shah,9898005600,FLAT NO 207 SNEHA VIHAR KOLHAPUR 411002,787
R_4ssmicMjtQagK7v,audio_data/Addresses/R_4ssmicMjtQagK7v.wav,39,Male,Indian,Marathi,"Educated in English, but not my native language",7,Sometimes,Phone Recorder,Mayur Shah,9898005600,FLAT NO 207 SNEHA VIHAR KOLHAPUR 411002,787
R_4ssmicMjtQagK7v,audio_data/Numbers/R_4ssmicMjtQagK7v.wav,39,Male,Indian,Marathi,"Educated in English, but not my native language",7,Sometimes,Phone Recorder,Mayur Shah,9898005600,FLAT NO 207 SNEHA VIHAR KOLHAPUR 411002,787
R_1poePVg1gzUKUz7,audio_data/Names/R_1poePVg1gzUKUz7.wav,24,Male,North African,Arabic,"Educated in English, but not my native language",4,Sometimes,Laptop,Juniper Leung,9679778449,60 Pebble Beach Road 743,333
R_1poePVg1gzUKUz7,audio_data/Addresses/R_1poePVg1gzUKUz7.wav,24,Male,North African,Arabic,"Educated in English, but not my native language",4,Sometimes,Laptop,Juniper Leung,9679778449,60 Pebble Beach Road 743,333
R_1poePVg1gzUKUz7,audio_data/Numbers/R_1poePVg1gzUKUz7.wav,24,Male,North African,Arabic,"Educated in English, but not my native language",4,Sometimes,Laptop,Juniper Leung,9679778449,60 Pebble Beach Road 743,333
R_7DHnUtjhzr5gTvl,audio_data/Names/R_7DHnUtjhzr5gTvl.wav,24,Male,Indian,Hindi,"Educated in English, but not my native language",5,Never,Phone Recorder,Elysia Peinado,5473978936,150 Riverbend Avenue 465,359
R_7DHnUtjhzr5gTvl,audio_data/Addresses/R_7DHnUtjhzr5gTvl.wav,24,Male,Indian,Hindi,"Educated in English, but not my native language",5,Never,Phone Recorder,Elysia Peinado,5473978936,150 Riverbend Avenue 465,359
R_7DHnUtjhzr5gTvl,audio_data/Numbers/R_7DHnUtjhzr5gTvl.wav,24,Male,Indian,Hindi,"Educated in English, but not my native language",5,Never,Phone Recorder,Elysia Peinado,5473978936,150 Riverbend Avenue 465,359
R_6pnzU40E9DSpr61,audio_data/Names/R_6pnzU40E9DSpr61.wav,23,Male,American,English,Native speaker,0,Sometimes,Phone Recorder,Lennox Anderson,3619713354,"11438 SE 184th Pl, Renton WA",601
R_6pnzU40E9DSpr61,audio_data/Addresses/R_6pnzU40E9DSpr61.wav,23,Male,American,English,Native speaker,0,Sometimes,Phone Recorder,Lennox Anderson,3619713354,"11438 SE 184th Pl, Renton WA",601
R_6pnzU40E9DSpr61,audio_data/Numbers/R_6pnzU40E9DSpr61.wav,23,Male,American,English,Native speaker,0,Sometimes,Phone Recorder,Lennox Anderson,3619713354,"11438 SE 184th Pl, Renton WA",601
R_5hBj9gxvIoDecnz,audio_data/Names/R_5hBj9gxvIoDecnz.wav,23,Female,American,Korean,"Educated in English, but not my native language",3,Sometimes,Phone Recorder,Elise Taylor,7285242379,49 Windy Ridge Avenue 240,310
R_5hBj9gxvIoDecnz,audio_data/Addresses/R_5hBj9gxvIoDecnz.wav,23,Female,American,Korean,"Educated in English, but not my native language",3,Sometimes,Phone Recorder,Elise Taylor,7285242379,49 Windy Ridge Avenue 240,310
R_5hBj9gxvIoDecnz,audio_data/Numbers/R_5hBj9gxvIoDecnz.wav,23,Female,American,Korean,"Educated in English, but not my native language",3,Sometimes,Phone Recorder,Elise Taylor,7285242379,49 Windy Ridge Avenue 240,310
R_4RQSv9iOZkB2f9Z,audio_data/Names/R_4RQSv9iOZkB2f9Z.wav,24,Female,Indian,Marathi,"Educated in English, but not my native language",5,Sometimes,Phone Recorder,Hiroshi Khatri,4001291474,10 Woodland Drive 748,397
R_4RQSv9iOZkB2f9Z,audio_data/Addresses/R_4RQSv9iOZkB2f9Z.wav,24,Female,Indian,Marathi,"Educated in English, but not my native language",5,Sometimes,Phone Recorder,Hiroshi Khatri,4001291474,10 Woodland Drive 748,397
R_4RQSv9iOZkB2f9Z,audio_data/Numbers/R_4RQSv9iOZkB2f9Z.wav,24,Female,Indian,Marathi,"Educated in English, but not my native language",5,Sometimes,Phone Recorder,Hiroshi Khatri,4001291474,10 Woodland Drive 748,397
R_6thxkopa8CNYELv,audio_data/Names/R_6thxkopa8CNYELv.wav,24,Male,American,English,Native speaker,7,Never,Phone Recorder,Ziya Ali,8178069680,202 Northgate Drive 512,233
R_6thxkopa8CNYELv,audio_data/Addresses/R_6thxkopa8CNYELv.wav,24,Male,American,English,Native speaker,7,Never,Phone Recorder,Ziya Ali,8178069680,202 Northgate Drive 512,233
R_6thxkopa8CNYELv,audio_data/Numbers/R_6thxkopa8CNYELv.wav,24,Male,American,English,Native speaker,7,Never,Phone Recorder,Ziya Ali,8178069680,202 Northgate Drive 512,233
R_5MRLVafIukImdof,audio_data/Names/R_5MRLVafIukImdof.wav,23,Male,American,Chinese,"Educated in English, but not my native language",1,Sometimes,Phone Recorder,Saffron Abraham,3788618965,5 Ocean Drive 432,254
R_5MRLVafIukImdof,audio_data/Addresses/R_5MRLVafIukImdof.wav,23,Male,American,Chinese,"Educated in English, but not my native language",1,Sometimes,Phone Recorder,Saffron Abraham,3788618965,5 Ocean Drive 432,254
R_5MRLVafIukImdof,audio_data/Numbers/R_5MRLVafIukImdof.wav,23,Male,American,Chinese,"Educated in English, but not my native language",1,Sometimes,Phone Recorder,Saffron Abraham,3788618965,5 Ocean Drive 432,254
R_6CxrKuxhJ3GtN8K,audio_data/Names/R_6CxrKuxhJ3GtN8K.wav,23,Male,Chinese Canadian,Mandarin,"Educated in English, but not my native language",1,Sometimes,Phone Recorder,Jon Reifshneider,1234567890,8 Horizon Avenue 613,388
R_6CxrKuxhJ3GtN8K,audio_data/Addresses/R_6CxrKuxhJ3GtN8K.wav,23,Male,Chinese Canadian,Mandarin,"Educated in English, but not my native language",1,Sometimes,Phone Recorder,Jon Reifshneider,1234567890,8 Horizon Avenue 613,388
R_6CxrKuxhJ3GtN8K,audio_data/Numbers/R_6CxrKuxhJ3GtN8K.wav,23,Male,Chinese Canadian,Mandarin,"Educated in English, but not my native language",1,Sometimes,Phone Recorder,Jon Reifshneider,1234567890,8 Horizon Avenue 613,388
R_5F0Zpg07Mr16uBz,audio_data/Names/R_5F0Zpg07Mr16uBz.wav,25,Female,Indian,English,Native speaker,5,Never,Phone Recorder,Harlow Smith,5595476016,45 Ivy Lane 602,436
R_5F0Zpg07Mr16uBz,audio_data/Addresses/R_5F0Zpg07Mr16uBz.wav,25,Female,Indian,English,Native speaker,5,Never,Phone Recorder,Harlow Smith,5595476016,45 Ivy Lane 602,436
R_5F0Zpg07Mr16uBz,audio_data/Numbers/R_5F0Zpg07Mr16uBz.wav,25,Female,Indian,English,Native speaker,5,Never,Phone Recorder,Harlow Smith,5595476016,45 Ivy Lane 602,436
R_1b0CnNoTm0uIas5,audio_data/Names/R_1b0CnNoTm0uIas5.wav,23,Male,Indian ,Malayalam,"Educated in English, but not my native language",2,Sometimes,Phone Recorder,Ravi Choi,8292159357,48 Ridge Road 407,353
R_1b0CnNoTm0uIas5,audio_data/Addresses/R_1b0CnNoTm0uIas5.wav,23,Male,Indian ,Malayalam,"Educated in English, but not my native language",2,Sometimes,Phone Recorder,Ravi Choi,8292159357,48 Ridge Road 407,353
R_1b0CnNoTm0uIas5,audio_data/Numbers/R_1b0CnNoTm0uIas5.wav,23,Male,Indian ,Malayalam,"Educated in English, but not my native language",2,Sometimes,Phone Recorder,Ravi Choi,8292159357,48 Ridge Road 407,353
R_7QGd13jsljnaCbY,audio_data/Names/R_7QGd13jsljnaCbY.wav,25,Female,Indian,Telugu,"Educated in English, but not my native language",5,Sometimes,Phone Recorder,Harshitha Rasamsetty,2873764800,44 Sand Dune Road 205,221
R_7QGd13jsljnaCbY,audio_data/Addresses/R_7QGd13jsljnaCbY.wav,25,Female,Indian,Telugu,"Educated in English, but not my native language",5,Sometimes,Phone Recorder,Harshitha Rasamsetty,2873764800,44 Sand Dune Road 205,221
R_7QGd13jsljnaCbY,audio_data/Numbers/R_7QGd13jsljnaCbY.wav,25,Female,Indian,Telugu,"Educated in English, but not my native language",5,Sometimes,Phone Recorder,Harshitha Rasamsetty,2873764800,44 Sand Dune Road 205,221
R_7iI7wmwsdCo4PbX,audio_data/Names/R_7iI7wmwsdCo4PbX.wav,22,Female,American,Chinese,"Educated in English, but not my native language",7,Sometimes,Phone Recorder,Hina Karpov,8985955886,15 Sea Breeze Avenue 823,243
R_7iI7wmwsdCo4PbX,audio_data/Addresses/R_7iI7wmwsdCo4PbX.wav,22,Female,American,Chinese,"Educated in English, but not my native language",7,Sometimes,Phone Recorder,Hina Karpov,8985955886,15 Sea Breeze Avenue 823,243
R_7iI7wmwsdCo4PbX,audio_data/Numbers/R_7iI7wmwsdCo4PbX.wav,22,Female,American,Chinese,"Educated in English, but not my native language",7,Sometimes,Phone Recorder,Hina Karpov,8985955886,15 Sea Breeze Avenue 823,243
R_1bhWwiBjHlA1GcF,audio_data/Names/R_1bhWwiBjHlA1GcF.wav,,Male,Indo-canadian,Hindi,"Educated in English, but not my native language",6,Sometimes,Phone Recorder,Eric dundas,7,1315 morreene road,536
R_1bhWwiBjHlA1GcF,audio_data/Addresses/R_1bhWwiBjHlA1GcF.wav,,Male,Indo-canadian,Hindi,"Educated in English, but not my native language",6,Sometimes,Phone Recorder,Eric dundas,7,1315 morreene road,536
R_1bhWwiBjHlA1GcF,audio_data/Numbers/R_1bhWwiBjHlA1GcF.wav,,Male,Indo-canadian,Hindi,"Educated in English, but not my native language",6,Sometimes,Phone Recorder,Eric dundas,7,1315 morreene road,536
R_1zZKZdkb4iInKK7,audio_data/Names/R_1zZKZdkb4iInKK7.wav,23,Male,Chinese,Chinese,"Educated in English, but not my native language",7,Sometimes,Laptop,Malia Tanaka,9281822959,21 Harbor View Drive 706,372
R_1zZKZdkb4iInKK7,audio_data/Addresses/R_1zZKZdkb4iInKK7.wav,23,Male,Chinese,Chinese,"Educated in English, but not my native language",7,Sometimes,Laptop,Malia Tanaka,9281822959,21 Harbor View Drive 706,372
R_1zZKZdkb4iInKK7,audio_data/Numbers/R_1zZKZdkb4iInKK7.wav,23,Male,Chinese,Chinese,"Educated in English, but not my native language",7,Sometimes,Laptop,Malia Tanaka,9281822959,21 Harbor View Drive 706,372
R_77p04jkohla1sH9,audio_data/Names/R_77p04jkohla1sH9.wav,24,Female,Chinese,Chinese,"Educated in English, but not my native language",7,Never,Phone Recorder,Celine Gupta,1712391906,75 Pine Mountain Road 705,984
R_77p04jkohla1sH9,audio_data/Addresses/R_77p04jkohla1sH9.wav,24,Female,Chinese,Chinese,"Educated in English, but not my native language",7,Never,Phone Recorder,Celine Gupta,1712391906,75 Pine Mountain Road 705,984
R_77p04jkohla1sH9,audio_data/Numbers/R_77p04jkohla1sH9.wav,24,Female,Chinese,Chinese,"Educated in English, but not my native language",7,Never,Phone Recorder,Celine Gupta,1712391906,75 Pine Mountain Road 705,984
R_6E6ELKr8L1H0RnH,audio_data/Names/R_6E6ELKr8L1H0RnH.wav,23,Female,Chinese,Chinese,"Educated in English, but not my native language",2,Sometimes,Phone Recorder,Calla Pereira,1709916637,3 Meadowbrook Road 874,972
R_6E6ELKr8L1H0RnH,audio_data/Addresses/R_6E6ELKr8L1H0RnH.wav,23,Female,Chinese,Chinese,"Educated in English, but not my native language",2,Sometimes,Phone Recorder,Calla Pereira,1709916637,3 Meadowbrook Road 874,972
R_6E6ELKr8L1H0RnH,audio_data/Numbers/R_6E6ELKr8L1H0RnH.wav,23,Female,Chinese,Chinese,"Educated in English, but not my native language",2,Sometimes,Phone Recorder,Calla Pereira,1709916637,3 Meadowbrook Road 874,972
R_7EOlSvi9ctgFRBL,audio_data/Names/R_7EOlSvi9ctgFRBL.wav,23,Male,Chinese,Chinese,"Educated in English, but not my native language",2,Sometimes,Phone Recorder,Norah Cho,9356122945,75 Pine Mountain Road 705,928
R_7EOlSvi9ctgFRBL,audio_data/Addresses/R_7EOlSvi9ctgFRBL.wav,23,Male,Chinese,Chinese,"Educated in English, but not my native language",2,Sometimes,Phone Recorder,Norah Cho,9356122945,75 Pine Mountain Road 705,928
R_7EOlSvi9ctgFRBL,audio_data/Numbers/R_7EOlSvi9ctgFRBL.wav,23,Male,Chinese,Chinese,"Educated in English, but not my native language",2,Sometimes,Phone Recorder,Norah Cho,9356122945,75 Pine Mountain Road 705,928
R_14L9qNxUlipFmsF,audio_data/Names/R_14L9qNxUlipFmsF.wav,23,Male,Indian,Tamil,"Educated in English, but not my native language",7,Sometimes,Laptop,Alina Patel,3041254855,107 Crystal Lake Drive 327,399
R_14L9qNxUlipFmsF,audio_data/Addresses/R_14L9qNxUlipFmsF.wav,23,Male,Indian,Tamil,"Educated in English, but not my native language",7,Sometimes,Laptop,Alina Patel,3041254855,107 Crystal Lake Drive 327,399
R_14L9qNxUlipFmsF,audio_data/Numbers/R_14L9qNxUlipFmsF.wav,23,Male,Indian,Tamil,"Educated in English, but not my native language",7,Sometimes,Laptop,Alina Patel,3041254855,107 Crystal Lake Drive 327,399
R_4shv1y28wS6SaPv,audio_data/Names/R_4shv1y28wS6SaPv.wav,29,Female,Indian,Hindi,"Educated in English, but not my native language",4,Never,Phone Recorder,Mehak,9811219666,"Fenway park, boston, Massachusetts",577
R_4shv1y28wS6SaPv,audio_data/Addresses/R_4shv1y28wS6SaPv.wav,29,Female,Indian,Hindi,"Educated in English, but not my native language",4,Never,Phone Recorder,Mehak,9811219666,"Fenway park, boston, Massachusetts",577
R_4shv1y28wS6SaPv,audio_data/Numbers/R_4shv1y28wS6SaPv.wav,29,Female,Indian,Hindi,"Educated in English, but not my native language",4,Never,Phone Recorder,Mehak,9811219666,"Fenway park, boston, Massachusetts",577
R_41aiHA1p9OLYbuY,audio_data/Names/R_41aiHA1p9OLYbuY.wav,26,Male,Indian,Marathi,"Educated in English, but not my native language",2,Sometimes,Phone Recorder,Ranjendra Pingle,1234567898,Flat 202 Roop Ganga Pune,489
R_41aiHA1p9OLYbuY,audio_data/Addresses/R_41aiHA1p9OLYbuY.wav,26,Male,Indian,Marathi,"Educated in English, but not my native language",2,Sometimes,Phone Recorder,Ranjendra Pingle,1234567898,Flat 202 Roop Ganga Pune,489
R_41aiHA1p9OLYbuY,audio_data/Numbers/R_41aiHA1p9OLYbuY.wav,26,Male,Indian,Marathi,"Educated in English, but not my native language",2,Sometimes,Phone Recorder,Ranjendra Pingle,1234567898,Flat 202 Roop Ganga Pune,489
R_7NCxNP8jSj5mq6n,audio_data/Names/R_7NCxNP8jSj5mq6n.wav,26,Female,Indian,Hindi,"Educated in English, but not my native language",6,Sometimes,Phone Recorder,Zander Burrows,4885080040,50 Harvest Lane 591,195
R_7NCxNP8jSj5mq6n,audio_data/Addresses/R_7NCxNP8jSj5mq6n.wav,26,Female,Indian,Hindi,"Educated in English, but not my native language",6,Sometimes,Phone Recorder,Zander Burrows,4885080040,50 Harvest Lane 591,195
R_7NCxNP8jSj5mq6n,audio_data/Numbers/R_7NCxNP8jSj5mq6n.wav,26,Female,Indian,Hindi,"Educated in English, but not my native language",6,Sometimes,Phone Recorder,Zander Burrows,4885080040,50 Harvest Lane 591,195
R_1oLUlgQk6qINvsk,audio_data/Names/R_1oLUlgQk6qINvsk.wav,27,Female,Indian ,Kannada,Basic knowledge; not fluent,7,About half the time,Phone Recorder,Roshan Coelho,6163483977,77 Maplewood Drive 659,152
R_1oLUlgQk6qINvsk,audio_data/Addresses/R_1oLUlgQk6qINvsk.wav,27,Female,Indian ,Kannada,Basic knowledge; not fluent,7,About half the time,Phone Recorder,Roshan Coelho,6163483977,77 Maplewood Drive 659,152
R_1oLUlgQk6qINvsk,audio_data/Numbers/R_1oLUlgQk6qINvsk.wav,27,Female,Indian ,Kannada,Basic knowledge; not fluent,7,About half the time,Phone Recorder,Roshan Coelho,6163483977,77 Maplewood Drive 659,152
R_5re0w7ElTMqvkCP,audio_data/Names/R_5re0w7ElTMqvkCP.wav,23,Female,Indian,Kannada,"Educated in English, but not my native language",3,Never,Phone Recorder,Beatriz Kim,4904368573,207 Westside Lane 528,151
R_5re0w7ElTMqvkCP,audio_data/Addresses/R_5re0w7ElTMqvkCP.wav,23,Female,Indian,Kannada,"Educated in English, but not my native language",3,Never,Phone Recorder,Beatriz Kim,4904368573,207 Westside Lane 528,151
R_5re0w7ElTMqvkCP,audio_data/Numbers/R_5re0w7ElTMqvkCP.wav,23,Female,Indian,Kannada,"Educated in English, but not my native language",3,Never,Phone Recorder,Beatriz Kim,4904368573,207 Westside Lane 528,151
R_34RasWwKijJI5sB,audio_data/Names/R_34RasWwKijJI5sB.wav,22,Female,Indian,Hindi,"Educated in English, but not my native language",5,Most of the time,Phone Recorder,Calder Fuchs,1855749866,160 Sunset Drive 885,114
R_34RasWwKijJI5sB,audio_data/Addresses/R_34RasWwKijJI5sB.wav,22,Female,Indian,Hindi,"Educated in English, but not my native language",5,Most of the time,Phone Recorder,Calder Fuchs,1855749866,160 Sunset Drive 885,114
R_34RasWwKijJI5sB,audio_data/Numbers/R_34RasWwKijJI5sB.wav,22,Female,Indian,Hindi,"Educated in English, but not my native language",5,Most of the time,Phone Recorder,Calder Fuchs,1855749866,160 Sunset Drive 885,114
R_6rCTqJtaK9fNxHq,audio_data/Names/R_6rCTqJtaK9fNxHq.wav,22,Female,Indian,Hindi,"Educated in English, but not my native language",6,Sometimes,Phone Recorder,Isla de Souza,9661113443,52 Golden Ridge Drive 418,142
R_6rCTqJtaK9fNxHq,audio_data/Addresses/R_6rCTqJtaK9fNxHq.wav,22,Female,Indian,Hindi,"Educated in English, but not my native language",6,Sometimes,Phone Recorder,Isla de Souza,9661113443,52 Golden Ridge Drive 418,142
R_6rCTqJtaK9fNxHq,audio_data/Numbers/R_6rCTqJtaK9fNxHq.wav,22,Female,Indian,Hindi,"Educated in English, but not my native language",6,Sometimes,Phone Recorder,Isla de Souza,9661113443,52 Golden Ridge Drive 418,142
R_3g4JxW8aBdFTYoc,audio_data/Names/R_3g4JxW8aBdFTYoc.wav,23,Female,Indian,Tamil,"Educated in English, but not my native language",7,About half the time,Phone Recorder,Laila Zhou,5116853235,32 Crystal Springs Boulevard 450,134
R_3g4JxW8aBdFTYoc,audio_data/Addresses/R_3g4JxW8aBdFTYoc.wav,23,Female,Indian,Tamil,"Educated in English, but not my native language",7,About half the time,Phone Recorder,Laila Zhou,5116853235,32 Crystal Springs Boulevard 450,134
R_3g4JxW8aBdFTYoc,audio_data/Numbers/R_3g4JxW8aBdFTYoc.wav,23,Female,Indian,Tamil,"Educated in English, but not my native language",7,About half the time,Phone Recorder,Laila Zhou,5116853235,32 Crystal Springs Boulevard 450,134
R_3gToFAf4MoM9dl8,audio_data/Names/R_3gToFAf4MoM9dl8.wav,22,Female,Indian,Marathi,"Educated in English, but not my native language",4,Sometimes,Phone Recorder,Rami Vasilyev,7499218381,99 Sunnyville Boulevard 342,180
R_3gToFAf4MoM9dl8,audio_data/Addresses/R_3gToFAf4MoM9dl8.wav,22,Female,Indian,Marathi,"Educated in English, but not my native language",4,Sometimes,Phone Recorder,Rami Vasilyev,7499218381,99 Sunnyville Boulevard 342,180
R_3gToFAf4MoM9dl8,audio_data/Numbers/R_3gToFAf4MoM9dl8.wav,22,Female,Indian,Marathi,"Educated in English, but not my native language",4,Sometimes,Phone Recorder,Rami Vasilyev,7499218381,99 Sunnyville Boulevard 342,180
R_3uvOS0cUzHJeF6p,audio_data/Names/R_3uvOS0cUzHJeF6p.wav,24,Male,Indian,Hindi,Basic knowledge; not fluent,5,Sometimes,Phone Recorder,Niko Coelho,3053578003,75 Valley Grove Road 768,146
R_3uvOS0cUzHJeF6p,audio_data/Addresses/R_3uvOS0cUzHJeF6p.wav,24,Male,Indian,Hindi,Basic knowledge; not fluent,5,Sometimes,Phone Recorder,Niko Coelho,3053578003,75 Valley Grove Road 768,146
R_3uvOS0cUzHJeF6p,audio_data/Numbers/R_3uvOS0cUzHJeF6p.wav,24,Male,Indian,Hindi,Basic knowledge; not fluent,5,Sometimes,Phone Recorder,Niko Coelho,3053578003,75 Valley Grove Road 768,146
R_5MYVgvg6SSesm0n,audio_data/Names/R_5MYVgvg6SSesm0n.wav,28,Female,Indian,Hindi,"Educated in English, but not my native language",6,Sometimes,Phone Recorder,Maxine Jensen,1056058263,40 Westfield Road 207,122
R_5MYVgvg6SSesm0n,audio_data/Addresses/R_5MYVgvg6SSesm0n.wav,28,Female,Indian,Hindi,"Educated in English, but not my native language",6,Sometimes,Phone Recorder,Maxine Jensen,1056058263,40 Westfield Road 207,122
R_5MYVgvg6SSesm0n,audio_data/Numbers/R_5MYVgvg6SSesm0n.wav,28,Female,Indian,Hindi,"Educated in English, but not my native language",6,Sometimes,Phone Recorder,Maxine Jensen,1056058263,40 Westfield Road 207,122
R_3OihBnBKQuMFAz4,audio_data/Names/R_3OihBnBKQuMFAz4.wav,21,Female,Indian,Tamil,"Educated in English, but not my native language",4,Most of the time,Phone Recorder,Aurora Ferrari,9299574124,77 Spruce Way 920,174
R_3OihBnBKQuMFAz4,audio_data/Addresses/R_3OihBnBKQuMFAz4.wav,21,Female,Indian,Tamil,"Educated in English, but not my native language",4,Most of the time,Phone Recorder,Aurora Ferrari,9299574124,77 Spruce Way 920,174
R_3OihBnBKQuMFAz4,audio_data/Numbers/R_3OihBnBKQuMFAz4.wav,21,Female,Indian,Tamil,"Educated in English, but not my native language",4,Most of the time,Phone Recorder,Aurora Ferrari,9299574124,77 Spruce Way 920,174
R_7HEfVLTSyuEezdf,audio_data/Names/R_7HEfVLTSyuEezdf.wav,28,Female,Indian,Hindi,"Educated in English, but not my native language",4,Sometimes,Phone Recorder,Sanaa Letourneau,6686412385,67 Mountain View Drive 214,120
R_7HEfVLTSyuEezdf,audio_data/Addresses/R_7HEfVLTSyuEezdf.wav,28,Female,Indian,Hindi,"Educated in English, but not my native language",4,Sometimes,Phone Recorder,Sanaa Letourneau,6686412385,67 Mountain View Drive 214,120
R_7HEfVLTSyuEezdf,audio_data/Numbers/R_7HEfVLTSyuEezdf.wav,28,Female,Indian,Hindi,"Educated in English, but not my native language",4,Sometimes,Phone Recorder,Sanaa Letourneau,6686412385,67 Mountain View Drive 214,120
R_1tDKM2lNpA5vaZb,audio_data/Names/R_1tDKM2lNpA5vaZb.wav,25,Female,Indian,Kannada,"Educated in English, but not my native language",1,Never,Phone Recorder,Sabrina Shirodkar,9568214730,"114 Park Avenue, Chicago, IL, 67004",741
R_1tDKM2lNpA5vaZb,audio_data/Addresses/R_1tDKM2lNpA5vaZb.wav,25,Female,Indian,Kannada,"Educated in English, but not my native language",1,Never,Phone Recorder,Sabrina Shirodkar,9568214730,"114 Park Avenue, Chicago, IL, 67004",741
R_1tDKM2lNpA5vaZb,audio_data/Numbers/R_1tDKM2lNpA5vaZb.wav,25,Female,Indian,Kannada,"Educated in English, but not my native language",1,Never,Phone Recorder,Sabrina Shirodkar,9568214730,"114 Park Avenue, Chicago, IL, 67004",741
R_1zin13bSMyOVRnJ,audio_data/Names/R_1zin13bSMyOVRnJ.wav,25,Female,Chinese,Chinese,"Educated in English, but not my native language",3,Sometimes,Phone Recorder,Layla Knudsen,5363648030,8 Horizon Avenue 613,503
R_1zin13bSMyOVRnJ,audio_data/Addresses/R_1zin13bSMyOVRnJ.wav,25,Female,Chinese,Chinese,"Educated in English, but not my native language",3,Sometimes,Phone Recorder,Layla Knudsen,5363648030,8 Horizon Avenue 613,503
R_1zin13bSMyOVRnJ,audio_data/Numbers/R_1zin13bSMyOVRnJ.wav,25,Female,Chinese,Chinese,"Educated in English, but not my native language",3,Sometimes,Phone Recorder,Layla Knudsen,5363648030,8 Horizon Avenue 613,503
R_1VaNGgPhYxnUTbC,audio_data/Names/R_1VaNGgPhYxnUTbC.wav,25,Male,Indian,Gujarati,"Educated in English, but not my native language",7,Sometimes,Phone Recorder,Niklas Shah,5142296612,86 Timberline Boulevard 664,232
R_1VaNGgPhYxnUTbC,audio_data/Addresses/R_1VaNGgPhYxnUTbC.wav,25,Male,Indian,Gujarati,"Educated in English, but not my native language",7,Sometimes,Phone Recorder,Niklas Shah,5142296612,86 Timberline Boulevard 664,232
R_1VaNGgPhYxnUTbC,audio_data/Numbers/R_1VaNGgPhYxnUTbC.wav,25,Male,Indian,Gujarati,"Educated in English, but not my native language",7,Sometimes,Phone Recorder,Niklas Shah,5142296612,86 Timberline Boulevard 664,232
R_4aYapHeUHBuU8XG,audio_data/Names/R_4aYapHeUHBuU8XG.wav,24,Female,Indian,Marathi,"Educated in English, but not my native language",6,Sometimes,Phone Recorder,Soraya Balasubramanian,2312324633,110 Bluebell Lane 973,240
R_4aYapHeUHBuU8XG,audio_data/Addresses/R_4aYapHeUHBuU8XG.wav,24,Female,Indian,Marathi,"Educated in English, but not my native language",6,Sometimes,Phone Recorder,Soraya Balasubramanian,2312324633,110 Bluebell Lane 973,240
R_4aYapHeUHBuU8XG,audio_data/Numbers/R_4aYapHeUHBuU8XG.wav,24,Female,Indian,Marathi,"Educated in English, but not my native language",6,Sometimes,Phone Recorder,Soraya Balasubramanian,2312324633,110 Bluebell Lane 973,240
R_3vhWAQpPNAgLass,audio_data/Names/R_3vhWAQpPNAgLass.wav,22,Male,Indian,Telugu,"Educated in English, but not my native language",8,Sometimes,Laptop,Rowena Taneja,4127415553,456 Birch Boulevard 349,266
R_3vhWAQpPNAgLass,audio_data/Addresses/R_3vhWAQpPNAgLass.wav,22,Male,Indian,Telugu,"Educated in English, but not my native language",8,Sometimes,Laptop,Rowena Taneja,4127415553,456 Birch Boulevard 349,266
R_3vhWAQpPNAgLass,audio_data/Numbers/R_3vhWAQpPNAgLass.wav,22,Male,Indian,Telugu,"Educated in English, but not my native language",8,Sometimes,Laptop,Rowena Taneja,4127415553,456 Birch Boulevard 349,266
R_57WCdr3dpzLNhbe,audio_data/Names/R_57WCdr3dpzLNhbe.wav,26,Female,Chinese Canadian,Mandarin,"Educated in English, but not my native language",5,Never,Phone Recorder,Liam Ali,8114844717,3 Meadowbrook Road 874,211
R_57WCdr3dpzLNhbe,audio_data/Addresses/R_57WCdr3dpzLNhbe.wav,26,Female,Chinese Canadian,Mandarin,"Educated in English, but not my native language",5,Never,Phone Recorder,Liam Ali,8114844717,3 Meadowbrook Road 874,211
R_57WCdr3dpzLNhbe,audio_data/Numbers/R_57WCdr3dpzLNhbe.wav,26,Female,Chinese Canadian,Mandarin,"Educated in English, but not my native language",5,Never,Phone Recorder,Liam Ali,8114844717,3 Meadowbrook Road 874,211
R_1wB3pJ1YQM5wyqI,audio_data/Names/R_1wB3pJ1YQM5wyqI.wav,21,Male,American,English,Native speaker,0,Sometimes,Phone Recorder,Seraphina Ivanov,2288775400,128 Cedar Avenue 401,252
R_1wB3pJ1YQM5wyqI,audio_data/Addresses/R_1wB3pJ1YQM5wyqI.wav,21,Male,American,English,Native speaker,0,Sometimes,Phone Recorder,Seraphina Ivanov,2288775400,128 Cedar Avenue 401,252
R_1wB3pJ1YQM5wyqI,audio_data/Numbers/R_1wB3pJ1YQM5wyqI.wav,21,Male,American,English,Native speaker,0,Sometimes,Phone Recorder,Seraphina Ivanov,2288775400,128 Cedar Avenue 401,252
R_3i2ltOSffNPHRfR,audio_data/Names/R_3i2ltOSffNPHRfR.wav,22,Male,American,English,Native speaker,0,Never,Phone Recorder,Ciaran MacLeod,2853006411,5 Ocean Drive 432,339
R_3i2ltOSffNPHRfR,audio_data/Addresses/R_3i2ltOSffNPHRfR.wav,22,Male,American,English,Native speaker,0,Never,Phone Recorder,Ciaran MacLeod,2853006411,5 Ocean Drive 432,339
R_3i2ltOSffNPHRfR,audio_data/Numbers/R_3i2ltOSffNPHRfR.wav,22,Male,American,English,Native speaker,0,Never,Phone Recorder,Ciaran MacLeod,2853006411,5 Ocean Drive 432,339
R_7pKNTfB39Yc3I41,audio_data/Names/R_7pKNTfB39Yc3I41.wav,23,Male,Middle Asian,Uyghur,"Educated in English, but not my native language",2,Sometimes,Phone Recorder,Benji Chatterjee,6341735686,128 Cedar Avenue 401,509
R_7pKNTfB39Yc3I41,audio_data/Addresses/R_7pKNTfB39Yc3I41.wav,23,Male,Middle Asian,Uyghur,"Educated in English, but not my native language",2,Sometimes,Phone Recorder,Benji Chatterjee,6341735686,128 Cedar Avenue 401,509
R_7pKNTfB39Yc3I41,audio_data/Numbers/R_7pKNTfB39Yc3I41.wav,23,Male,Middle Asian,Uyghur,"Educated in English, but not my native language",2,Sometimes,Phone Recorder,Benji Chatterjee,6341735686,128 Cedar Avenue 401,509
R_5jebEVEgcwRTOcO,audio_data/Names/R_5jebEVEgcwRTOcO.wav,23,Prefer not to say,Indian,Telugu,"Educated in English, but not my native language",3,Sometimes,Phone Recorder,Calder Jackson,1808231222,301 Massachusetts Avenue 1462,140
R_5jebEVEgcwRTOcO,audio_data/Addresses/R_5jebEVEgcwRTOcO.wav,23,Prefer not to say,Indian,Telugu,"Educated in English, but not my native language",3,Sometimes,Phone Recorder,Calder Jackson,1808231222,301 Massachusetts Avenue 1462,140
R_5jebEVEgcwRTOcO,audio_data/Numbers/R_5jebEVEgcwRTOcO.wav,23,Prefer not to say,Indian,Telugu,"Educated in English, but not my native language",3,Sometimes,Phone Recorder,Calder Jackson,1808231222,301 Massachusetts Avenue 1462,140
R_1QrO96YnPAaHofK,audio_data/Names/R_1QrO96YnPAaHofK.wav,26,Prefer not to say,Indian,Kannada,Basic knowledge; not fluent,5,About half the time,Phone Recorder,Ivan Hwang,1928374655,430 Autumn Lane 274,136
R_1QrO96YnPAaHofK,audio_data/Addresses/R_1QrO96YnPAaHofK.wav,26,Prefer not to say,Indian,Kannada,Basic knowledge; not fluent,5,About half the time,Phone Recorder,Ivan Hwang,1928374655,430 Autumn Lane 274,136
R_1QrO96YnPAaHofK,audio_data/Numbers/R_1QrO96YnPAaHofK.wav,26,Prefer not to say,Indian,Kannada,Basic knowledge; not fluent,5,About half the time,Phone Recorder,Ivan Hwang,1928374655,430 Autumn Lane 274,136
R_7Vlj2RdVyGOM7Yz,audio_data/Names/R_7Vlj2RdVyGOM7Yz.wav,25,Female,Indian,Urdu,"Educated in English, but not my native language",5,Most of the time,Phone Recorder,Solana Chatterjee,5735062913,29 Summer Breeze Lane 571,110
R_7Vlj2RdVyGOM7Yz,audio_data/Addresses/R_7Vlj2RdVyGOM7Yz.wav,25,Female,Indian,Urdu,"Educated in English, but not my native language",5,Most of the time,Phone Recorder,Solana Chatterjee,5735062913,29 Summer Breeze Lane 571,110
R_7Vlj2RdVyGOM7Yz,audio_data/Numbers/R_7Vlj2RdVyGOM7Yz.wav,25,Female,Indian,Urdu,"Educated in English, but not my native language",5,Most of the time,Phone Recorder,Solana Chatterjee,5735062913,29 Summer Breeze Lane 571,110
R_7H8pYLcVGrTM7g5,audio_data/Names/R_7H8pYLcVGrTM7g5.wav,23,Female,Indo-English,English,Native speaker,1,Never,Phone Recorder,Freya Hamed,1314559375,78 Sunset Boulevard 789,112
R_7H8pYLcVGrTM7g5,audio_data/Addresses/R_7H8pYLcVGrTM7g5.wav,23,Female,Indo-English,English,Native speaker,1,Never,Phone Recorder,Freya Hamed,1314559375,78 Sunset Boulevard 789,112
R_7H8pYLcVGrTM7g5,audio_data/Numbers/R_7H8pYLcVGrTM7g5.wav,23,Female,Indo-English,English,Native speaker,1,Never,Phone Recorder,Freya Hamed,1314559375,78 Sunset Boulevard 789,112
R_15Rh8IA5GvyzCIF,audio_data/Names/R_15Rh8IA5GvyzCIF.wav,23,Female,Indian,Marathi,"Educated in English, but not my native language",5,Sometimes,Phone Recorder,Jarek Ferrari,1045562375,84 River Road 814,111
R_15Rh8IA5GvyzCIF,audio_data/Addresses/R_15Rh8IA5GvyzCIF.wav,23,Female,Indian,Marathi,"Educated in English, but not my native language",5,Sometimes,Phone Recorder,Jarek Ferrari,1045562375,84 River Road 814,111
R_15Rh8IA5GvyzCIF,audio_data/Numbers/R_15Rh8IA5GvyzCIF.wav,23,Female,Indian,Marathi,"Educated in English, but not my native language",5,Sometimes,Phone Recorder,Jarek Ferrari,1045562375,84 River Road 814,111
